game	id	category	status	title	native_routines	local_sources	tests	dependencies	divergences	notes	next_action
aos	aos.death.soma	death	partial	Soma death state	sub_0801AF20	src/runtime/aos_soma.c	tests/test_aos_soma.c			Soma's death state is ported; game-over flow, restart and save integration are absent.	Port the native game-over flow and its save integration.
aos	aos.enemies.bat	enemies	partial	Bat enemy	EnemyBatCreate|EnemyBatUpdate|sub_080AD364|sub_080AD44C|sub_080AD5B8	src/runtime/aos_enemy.c	tests/test_aos_enemy.c			Bat hanging, swoop, combat and falling death are ported; its explosion particles and the global 0x8E & 0x40 state are not.	Port the bat explosion particles and its special state.
aos	aos.enemies.blue_crow	enemies	partial	Blue crow enemy	EnemyBlueCrowCreate|EnemyBlueCrowUpdate|sub_080C9AF4|sub_080C9D68|sub_080CA030|sub_080694B8	src/runtime/aos_enemy.c|scripts/aos_object_sprites.py	tests/test_aos_enemy.c	aos.enemies.zombie	ArcTan2 follows the mGBA high-level BIOS polynomial, not checked against the BIOS itself.	Perching, the homing flight behind the player and the falling death are ported; the feathers, sounds, hit stun and the unentered glide step are not.	Port the crow feathers of sub_080C9E2C and the hit stun of sub_0806AD24.
aos	aos.enemies.zombie	enemies	partial	Zombie and generic enemy death	sub_08069A00|sub_0806AEAC	src/runtime/aos_enemy.c	tests/test_aos_enemy.c			Zombie spawning, terrain walking and generic death are covered; the complete enemy framework is not.	Extend the generic enemy framework to further native enemies.
aos	aos.enemies.zombie_soldier	enemies	partial	Zombie soldier and its grenade	EnemyZombieSoldierCreate|EnemyZombieSoldierUpdate|sub_080928FC|sub_08092A28|sub_08092B38|sub_08092BC0|sub_08092CCC|sub_08069770	src/runtime/aos_enemy.c|scripts/aos_object_sprites.py	tests/test_aos_enemy.c	aos.enemies.zombie		Walking, close attack, grenade throw, bounce, explosion box and death are ported; the gibs, explosion particles and sounds are not drawn or played.	Port the explosion particles of sub_0806D894 / sub_0806D644 and the gibs of sub_08092FCC.
aos	aos.environment.wooden_doors	environment	partial	Native wooden doors	Object00Create|Object00Update	src/runtime/aos_door.c|scripts/aos_object_sprites.py	tests/test_aos_door.c|tests/test_aos_object_sprites.py			Wooden and green doors are functional in exported rooms; this does not cover every transition or special door.	Cover the remaining native transition and special door kinds.
aos	aos.input.gamepad	input	partial	Keyboard and gamepad input		src/runtime/gba_input.c|src/runtime/aria_runtime.c	tests/test_gba_input.c		Host input layer: SDL3 devices are mapped to the GBA KEYINPUT bits; the native key reading and repeat logic are not ported.	Hot-plugged SDL3 gamepads, a remappable GBA layout and the keyboard drive Soma; no in-game controls menu yet.	Port the native input routines and add an in-game controls menu.
aos	aos.player.soma_controller	player	partial	Soma movement and state controller	sub_0801B0D8	src/runtime/aos_soma.c	tests/test_aos_soma.c			Movement and the currently traced ability states are ported; the full native player state machine is not complete.	Port the remaining native Soma states.
aos	aos.weapons.weapon_entity	weapons	partial	Soma weapon entity and attack boxes	sub_080221CC	src/runtime/aos_weapon.c|scripts/aos_weapons.py	tests/test_aos_weapon.c|tests/test_aos_soma_sprite.py			Weapon classes 0, 2 and 3 are represented; the other native classes and their effects remain open.	Port the remaining native weapon classes and effects.
mzm	mzm.animation.samus_runtime_library	animation	partial	Samus animation and palette reconstruction	SamusUpdateAnimation|SamusUpdateGraphicsOam|SamusUpdatePalette	scripts/mzm_samus_pipeline.py|src/runtime/room_runtime.c	tests/test_mzm_samus_pipeline.py|tests/test_mzm_samus_palette_banks.py			The deterministic private library maps the currently supported semantic actions; native effects and every pose are not yet covered.	Extend coverage to native effects and the remaining poses.
mzm	mzm.collision.clipdata	collision	partial	Samus and room Clipdata collision	ClipdataConvertToCollision|ClipdataProcess|ClipdataProcessForSamus	src/runtime/mzm_samus.c|src/runtime/room_runtime.c	tests/test_mzm_samus.c|tests/test_runtime_steep_slopes.c			Room Clipdata and the Samus collision subset are active; special blocks and all environmental effects remain incomplete.	Port special blocks and environmental Clipdata effects.
mzm	mzm.input.gamepad	input	partial	Keyboard and gamepad input		src/runtime/gba_input.c|src/runtime/room_runtime.c	tests/test_gba_input.c		Host input layer: SDL3 devices are mapped to the GBA KEYINPUT bits; the native key reading and repeat logic are not ported.	Hot-plugged SDL3 gamepads, a remappable GBA layout and the keyboard drive Samus; no in-game controls menu yet.	Port the native input routines and add an in-game controls menu.
mzm	mzm.player.samus_controller	player	partial	Samus pose and physics controller	SamusUpdate|SamusUpdatePhysics|SamusUpdateVelocityPosition	src/runtime/mzm_samus.c	tests/test_mzm_samus.c			The room runtime covers a tested subset of poses and transitions, not the complete native controller.	Port the remaining native pose handlers.
mzm	mzm.transitions.doors_and_hatches	transitions	partial	Doors, hatches and room transitions	ConnectionCheckEnterDoor|ConnectionLoadDoors|ConnectionUpdateHatches	src/runtime/room_runtime.c|scripts/mzm_hatch_events.py	tests/test_mzm_hatch_events_0100.py|tests/test_mzm_door_navigation_0096.py			Room-runtime door travel and hatch animation are partial; native fades, locks, events and lifecycle are not complete.	Port native fades, hatch locks and door lifecycle events.
mzm	mzm.weapons.beams_and_missiles	weapons	partial	Beam and missile projectiles	ProjectileUpdate|ProjectileUpdateAnimation	src/runtime/mzm_projectiles.c|scripts/mzm_projectile_compose.py	tests/test_mzm_projectile_compose.py			Power Beam, missiles and super missiles are represented; the complete beam, bomb and Power Bomb systems are not.	Port the remaining beam, bomb and Power Bomb systems.
